-- phpMyAdmin SQL Dump
-- version 3.1.1
-- http://www.phpmyadmin.net
--
-- Host: localhost
-- Generation Time: Jun 06, 2013 at 12:11 PM
-- Server version: 5.1.30
-- PHP Version: 5.2.8

SET SQL_MODE="NO_AUTO_VALUE_ON_ZERO";


/*!40101 SET @OLD_CHARACTER_SET_CLIENT=@@CHARACTER_SET_CLIENT */;
/*!40101 SET @OLD_CHARACTER_SET_RESULTS=@@CHARACTER_SET_RESULTS */;
/*!40101 SET @OLD_COLLATION_CONNECTION=@@COLLATION_CONNECTION */;
/*!40101 SET NAMES utf8 */;

--
-- Database: `jst-ta`
--

-- --------------------------------------------------------

--
-- Table structure for table `gejala`
--

CREATE TABLE IF NOT EXISTS `gejala` (
  `kd_gejala` varchar(5) NOT NULL,
  `nm_gejala` varchar(255) NOT NULL
) ENGINE=MyISAM DEFAULT CHARSET=latin1;

--
-- Dumping data for table `gejala`
--

INSERT INTO `gejala` (`kd_gejala`, `nm_gejala`) VALUES
('G0002', 'Tanaman muda layu yang dimulai'),
('G0003', 'Tanaman muda layu yang dimulai dari pucuks'),
('G0004', 'Tanaman muda layu yang dimulai dari pucuks'),
('G0005', 'Tanaman muda layu yang dimulai dari pucuks'),
('G0006', 'Tanaman muda layu yang dimulai dari pucuks'),
('G0007', 'Tanaman muda layu yang dimulai dari pucuks'),
('G0008', 'Tanaman muda layu yang dimulai dari pucuks'),
('G0001', 'Tanaman muda layu yang dimulai dari pucuks');

-- --------------------------------------------------------

--
-- Table structure for table `gejala_penyakit`
--

CREATE TABLE IF NOT EXISTS `gejala_penyakit` (
  `kd_penyakit` varchar(5) NOT NULL,
  `kd_gejala` varchar(5) NOT NULL
) ENGINE=MyISAM DEFAULT CHARSET=latin1;

--
-- Dumping data for table `gejala_penyakit`
--

INSERT INTO `gejala_penyakit` (`kd_penyakit`, `kd_gejala`) VALUES
('P0001', 'G0001'),
('P0001', 'G0002'),
('P0002', 'G0003'),
('P0002', 'G0004'),
('P0003', 'G0005'),
('P0003', 'G0006');

-- --------------------------------------------------------

--
-- Table structure for table `login`
--

CREATE TABLE IF NOT EXISTS `login` (
  `username` varchar(255) NOT NULL,
  `password` varchar(255) NOT NULL
) ENGINE=MyISAM DEFAULT CHARSET=latin1;

--
-- Dumping data for table `login`
--

INSERT INTO `login` (`username`, `password`) VALUES
('admin', '21232f297a57a5a743894a0e4a801fc3');

-- --------------------------------------------------------

--
-- Table structure for table `pembelajaran`
--

CREATE TABLE IF NOT EXISTS `pembelajaran` (
  `Kd_Pembelajaran` int(11) NOT NULL AUTO_INCREMENT,
  `tanggal` datetime NOT NULL,
  `edges` text NOT NULL,
  `thresholds` text NOT NULL,
  `training_data` text NOT NULL,
  `control_data` text NOT NULL,
  `error` varchar(255) NOT NULL,
  PRIMARY KEY (`Kd_Pembelajaran`)
) ENGINE=MyISAM  DEFAULT CHARSET=latin1 ROW_FORMAT=DYNAMIC AUTO_INCREMENT=9 ;

--
-- Dumping data for table `pembelajaran`
--

INSERT INTO `pembelajaran` (`Kd_Pembelajaran`, `tanggal`, `edges`, `thresholds`, `training_data`, `control_data`, `error`) VALUES
(1, '2013-05-24 03:27:55', 'a:2:{i:0;a:2:{i:0;a:3:{i:0;d:-0.52709642342885809629393634168081916868686676025390625;i:1;d:-0.8748800795163840238188868170254863798618316650390625;i:2;d:-0.3749567551965593548146671309950761497020721435546875;}i:1;a:3:{i:0;d:-0.477460937715610322928938558106892742216587066650390625;i:1;d:-0.65586059268822693990586003565113060176372528076171875;i:2;d:-0.7073424596819795073798786688712425529956817626953125;}}i:1;a:3:{i:0;a:1:{i:0;d:1.103356367829438244854145523277111351490020751953125;}i:1;a:1:{i:0;d:1.71247462262779048813854387844912707805633544921875;}i:2;a:1:{i:0;d:1.3726405116986206689233540600980632007122039794921875;}}}', 'a:2:{i:1;a:3:{i:0;d:-0.6584206975262905103818411589600145816802978515625;i:1;d:-1.1139302005351476854144721073680557310581207275390625;i:2;d:-0.72419550628956341764563831020495854318141937255859375;}i:2;a:1:{i:0;d:-1.5112860463966055757367712431005202233791351318359375;}}', 'a:4:{i:0;N;i:1;N;i:2;N;i:3;N;}', 'a:0:{}', 'd:0.009841015538535051454527291525664622895419597625732421875;'),
(2, '2013-05-24 03:53:44', 'a:2:{i:0;a:2:{i:0;a:3:{i:0;d:-0.742744233366645634220049032592214643955230712890625;i:1;d:-0.67509178122330559812525052620912902057170867919921875;i:2;d:-0.44512527091124898248608587891794741153717041015625;}i:1;a:3:{i:0;d:-0.355077426537801332795396547226118855178356170654296875;i:1;d:-0.77640752474823682138804770147544331848621368408203125;i:2;d:-0.63647178672963267143103394118952564895153045654296875;}}i:1;a:3:{i:0;a:1:{i:0;d:1.1612253509120546990374123197398148477077484130859375;}i:1;a:1:{i:0;d:1.6796481759522856602728779762401245534420013427734375;}i:2;a:1:{i:0;d:1.3751927594385058295500812164391390979290008544921875;}}}', 'a:2:{i:1;a:3:{i:0;d:-0.73099045069351664682955060925451107323169708251953125;i:1;d:-1.0509111008465907843856257386505603790283203125;i:2;d:-0.73476081989809927108581177890300750732421875;}i:2;a:1:{i:0;d:-1.50388257815550741014476443524472415447235107421875;}}', 'a:4:{i:0;N;i:1;N;i:2;N;i:3;N;}', 'a:0:{}', 'd:0.00967508889844040549654824445724443648941814899444580078125;'),
(3, '2013-05-24 03:55:05', 'a:2:{i:0;a:2:{i:0;a:3:{i:0;d:-0.96061479099025348649121269772876985371112823486328125;i:1;d:0.32782410811604012490505510868388228118419647216796875;i:2;d:1.419926875025733448154596771928481757640838623046875;}i:1;a:3:{i:0;d:-0.9122313808834661141844435405801050364971160888671875;i:1;d:0.108101503016646616206486442024470306932926177978515625;i:2;d:1.4498458667684552825249966190312989056110382080078125;}}i:1;a:3:{i:0;a:1:{i:0;d:1.3907294335743534130500620449311099946498870849609375;}i:1;a:1:{i:0;d:0.75414597416687023656578503505443222820758819580078125;}i:2;a:1:{i:0;d:2.286090351152968214165639437851496040821075439453125;}}}', 'a:2:{i:1;a:3:{i:0;d:-0.349493471104323827347570841084234416484832763671875;i:1;d:-0.5008316371652663523406090462231077253818511962890625;i:2;d:1.963103356351377559718685006373561918735504150390625;}i:2;a:1:{i:0;d:-1.3778218991251820479959633303224109113216400146484375;}}', 'a:4:{i:0;N;i:1;N;i:2;N;i:3;N;}', 'a:0:{}', 'd:0.00994096341500440468241794889081575092859566211700439453125;'),
(4, '2013-05-24 04:04:13', 'a:2:{i:0;a:2:{i:0;a:3:{i:0;d:-0.1883739487602106021935099988695583306252956390380859375;i:1;d:-0.8362089506037986286202112751198001205921173095703125;i:2;d:-0.7827969329962354283480863159638829529285430908203125;}i:1;a:3:{i:0;d:-0.26980896338022442026982616880559362471103668212890625;i:1;d:-0.7474805132389181760999008474755100905895233154296875;i:2;d:-0.770942405880165271270243465551175177097320556640625;}}i:1;a:3:{i:0;a:1:{i:0;d:0.5199403435328464606612897114246152341365814208984375;}i:1;a:1:{i:0;d:1.388998268870999641677599356626160442829132080078125;}i:2;a:1:{i:0;d:1.890245806796276628602981872973032295703887939453125;}}}', 'a:2:{i:1;a:3:{i:0;d:0.161039132296002696076442362027592025697231292724609375;i:1;d:-1.040488645151442792524676406173966825008392333984375;i:2;d:-1.007122988498106774812868025037460029125213623046875;}i:2;a:1:{i:0;d:-1.915465145617044395720540705951862037181854248046875;}}', 'a:4:{i:0;N;i:1;N;i:2;N;i:3;N;}', 'a:0:{}', 'd:0.009789576637798898250952817079451051540672779083251953125;'),
(5, '2013-05-24 04:10:06', 'a:2:{i:0;a:2:{i:0;a:3:{i:0;d:-0.5248800757895211166470517127891071140766143798828125;i:1;d:-0.7302314731080465914914157110615633428096771240234375;i:2;d:-0.58570679077263443357281857970519922673702239990234375;}i:1;a:3:{i:0;d:-0.379880678818867389967550707297050394117832183837890625;i:1;d:-0.465259871382628531488734324739198200404644012451171875;i:2;d:-0.93270056939535328499601973817334510385990142822265625;}}i:1;a:3:{i:0;a:1:{i:0;d:1.224460180903981676436842462862841784954071044921875;}i:1;a:1:{i:0;d:1.2570996996045147309217782094492577016353607177734375;}i:2;a:1:{i:0;d:1.7142688497666345170955537469126284122467041015625;}}}', 'a:2:{i:1;a:3:{i:0;d:-0.6276470171342090065280672206426970660686492919921875;i:1;d:-0.85403212004149564595678612022311426699161529541015625;i:2;d:-1.11965309277400404397440070169977843761444091796875;}i:2;a:1:{i:0;d:-1.3938467845743576223327409024932421743869781494140625;}}', 'a:4:{i:0;N;i:1;N;i:2;N;i:3;N;}', 'a:0:{}', 'd:0.0096232374927420795407417841715869144536554813385009765625;'),
(6, '2013-05-24 07:24:28', 'a:2:{i:0;a:8:{i:0;a:12:{i:0;d:0.238072952521888814292339020539657212793827056884765625;i:1;d:-0.12328435245573378387096141750589595176279544830322265625;i:2;d:0.1650799179586842913014521627701469697058200836181640625;i:3;d:0.1677260375216994281455384907530969940125942230224609375;i:4;d:-0.2287368984861301857147708460615831427276134490966796875;i:5;d:-0.0918486974230558750331709916281397454440593719482421875;i:6;d:-0.2015542170201956306829771392585826106369495391845703125;i:7;d:0.08102797181645436663810500022009364329278469085693359375;i:8;d:-0.25536082998658182763307422646903432905673980712890625;i:9;d:-0.243501014232564816364146054183947853744029998779296875;i:10;d:0.2320373193666929456657754826665041036903858184814453125;i:11;d:-0.03235712105061593069077474638106650672852993011474609375;}i:1;a:12:{i:0;d:-0.26591150681839625935509729970362968742847442626953125;i:1;d:0.0634657896637139951057093867348157800734043121337890625;i:2;d:0.08453690534076731266655002627885551191866397857666015625;i:3;d:0.256552346761126315310974632666329853236675262451171875;i:4;d:0.09789062610778055673055320085040875710546970367431640625;i:5;d:0.07111138309057567219451101436789031140506267547607421875;i:6;d:-0.1552805209761381755040332564021809957921504974365234375;i:7;d:0.2251286861962935592629264647257514297962188720703125;i:8;d:-0.12197566925979520802147959557260037399828433990478515625;i:9;d:-0.2435706660241509224906764075058163143694400787353515625;i:10;d:0.1334914817523455976555624147295020520687103271484375;i:11;d:0.180588615272301133973797959697549231350421905517578125;}i:2;a:12:{i:0;d:0.123588493181604197612699636010802350938320159912109375;i:1;d:0.150465789663713656043597666212008334696292877197265625;i:2;d:-0.245463094659232383687452738740830682218074798583984375;i:3;d:0.0625523467611258932041806701818131841719150543212890625;i:4;d:0.01789062610778062445415770298495772294700145721435546875;i:5;d:-0.1418886169094245308652801895732409320771694183349609375;i:6;d:-0.017780520976138060318394451542189926840364933013916015625;i:7;d:-0.01237131380370628912224173490130851860158145427703857421875;i:8;d:0.1490243307402050465526599509757943451404571533203125;i:9;d:-0.2115706660241509495801182083596359007060527801513671875;i:10;d:-0.14700851824765426290042569235083647072315216064453125;i:11;d:-0.016911384727698867969092333396474714390933513641357421875;}i:3;a:12:{i:0;d:-0.156120943686844759756837675013230182230472564697265625;i:1;d:0.0868371344818095469708651990004000253975391387939453125;i:2;d:0.167384788295470376962015279787010513246059417724609375;i:3;d:0.1803275170265417337578384149310295470058917999267578125;i:4;d:0.20123437487691353542373917662189342081546783447265625;i:5;d:0.0027654018788249288586522656174793155514635145664215087890625;i:6;d:0.09097561344179309894553142612494411878287792205810546875;i:7;d:-0.092458742910699331929436084465123713016510009765625;i:8;d:-0.1766693700822450363574489529128186404705047607421875;i:9;d:-0.0346032593306499214325100410860613919794559478759765625;i:10;d:0.0098898353608504775691390165093253017403185367584228515625;i:11;d:-0.037676512808033489621006850711637525819242000579833984375;}i:4;a:12:{i:0;d:0.2479115068183958825454027419254998676478862762451171875;i:1;d:-0.1609657896637136931250466886922367848455905914306640625;i:2;d:-0.1070369053407673465283522773461299948394298553466796875;i:3;d:-0.30755234676112552794080556850531138479709625244140625;i:4;d:-0.128890626107780625897447634997661225497722625732421875;i:5;d:0.3238886169094243872024208030779846012592315673828125;i:6;d:-0.061719479023861871513911836473198491148650646209716796875;i:7;d:-0.222128686196293501087239974367548711597919464111328125;i:8;d:-0.03602433074020496006628633267609984613955020904541015625;i:9;d:0.2110706660241509491360289985095732845366001129150390625;i:10;d:-0.11449148175234562241353586387049290351569652557373046875;i:11;d:0.256411384727698699048659136678907088935375213623046875;}i:5;a:12:{i:0;d:0.07041150681839603020506501707131974399089813232421875;i:1;d:-0.2089657896637137912687620655560749582946300506591796875;i:2;d:0.039463094659232644811908130577648989856243133544921875;i:3;d:0.0244476532388741320256375644248691969551146030426025390625;i:4;d:0.19810937389221938698113945065415464341640472412109375;i:5;d:-0.1011113830905755184286221037837094627320766448974609375;i:6;d:0.07978052097613815007992599248609622009098529815673828125;i:7;d:-0.0191286861962936156900116912993325968272984027862548828125;i:8;d:0.290475669259794788690243194650975055992603302001953125;i:9;d:0.3535706660241506593678195713437162339687347412109375;i:10;d:0.304008518247653569677169116403092630207538604736328125;i:11;d:0.19391138472769886558211283045238815248012542724609375;}i:6;a:12:{i:0;d:-0.146588493181604107018500826598028652369976043701171875;i:1;d:-0.279465789663713881640916270043817348778247833251953125;i:2;d:0.044463094659232649252800229078275151550769805908203125;i:3;d:-0.1355523467611257915077516145174740813672542572021484375;i:4;d:0.240109373892219368773481846801587380468845367431640625;i:5;d:0.053888616909424535972306102848961018025875091552734375;i:6;d:0.097280520976138096234109298166004009544849395751953125;i:7;d:-0.365128686196293739119056454001110978424549102783203125;i:8;d:0.225475669259794953003250839174143038690090179443359375;i:9;d:0.296070666024150941364467826133477501571178436279296875;i:10;d:-0.0779914817523456871395381995171192102134227752685546875;i:11;d:-0.12658861527230114152331452714861370623111724853515625;}i:7;a:12:{i:0;d:0.1884115068183958852099380010258755646646022796630859375;i:1;d:-0.314965789663713635615494013109127990901470184326171875;i:2;d:0.1954630946592323947896829849923960864543914794921875;i:3;d:-0.260052346761126151886145407843287102878093719482421875;i:4;d:-0.0078906261077806259807143618445479660294950008392333984375;i:5;d:0.225888616909424744250145522528328001499176025390625;i:6;d:0.227780520976138156630241837774519808590412139892578125;i:7;d:-0.26612868619629381772284659746219404041767120361328125;i:8;d:0.250475669259794975207711331677273847162723541259765625;i:9;d:0.2280706660241509642350621334117022342979907989501953125;i:10;d:0.22450851824765438724540445036836899816989898681640625;i:11;d:0.184411384727698857144417843301198445260524749755859375;}}i:1;a:12:{i:0;a:1:{i:0;d:-0.1472570529457470911438576877117156982421875;}i:1;a:1:{i:0;d:0.2284329640958349394441739832473103888332843780517578125;}i:2;a:1:{i:0;d:-0.13872364101384337953248859776067547500133514404296875;}i:3;a:1:{i:0;d:0.25929143613564054060560692960279993712902069091796875;}i:4;a:1:{i:0;d:-0.00945824235900665465093251071948543540202081203460693359375;}i:5;a:1:{i:0;d:-0.30666447959903353481792009915807284414768218994140625;}i:6;a:1:{i:0;d:-0.375802954457920057595998741817311383783817291259765625;}i:7;a:1:{i:0;d:0.415136692747544333581544151456910185515880584716796875;}i:8;a:1:{i:0;d:-0.150734857908063901721362753960420377552509307861328125;}i:9;a:1:{i:0;d:-0.68278196924675083057110214213025756180286407470703125;}i:10;a:1:{i:0;d:-0.2221764595585611068440101689702714793384075164794921875;}i:11;a:1:{i:0;d:-0.1171399312613617127443177423629094846546649932861328125;}}}', 'a:2:{i:1;a:12:{i:0;d:0.11389528156577556627926384180682362057268619537353515625;i:1;d:0.199185672409047886954880368648446165025234222412109375;i:2;d:0.292423941477351789774985491021652705967426300048828125;i:3;d:0.035137585132707815915864557609893381595611572265625;i:4;d:-0.05632812561543369678229709052175167016685009002685546875;i:5;d:-0.133172990605875174452421560999937355518341064453125;i:6;d:0.1198780672089655718881573420731001533567905426025390625;i:7;d:-0.2052937145534964036297509437645203433930873870849609375;i:8;d:0.2226531495887749401152433392780949361622333526611328125;i:9;d:0.1759837033467505362782645761399180628359317779541015625;i:10;d:0.0799491768042523975879021236323751509189605712890625;i:11;d:0.11261743595983274290883713319999515078961849212646484375;}i:2;a:1:{i:0;d:-0.53389467402701740184056689031422138214111328125;}}', 'a:1:{i:0;N;}', 'a:0:{}', 'd:0.00994391791340987207803436831454746425151824951171875;'),
(7, '2013-05-24 07:42:42', 'a:2:{i:0;a:8:{i:0;a:12:{i:0;d:-0.1210070723708668027907009445698349736630916595458984375;i:1;d:0.117616670848384841097100661500007845461368560791015625;i:2;d:-0.1191417748417753774692329216122743673622608184814453125;i:3;d:0.16088342261815935518853848407161422073841094970703125;i:4;d:0.25024280998867076686309474098379723727703094482421875;i:5;d:-0.0294030415892484568718412418775187688879668712615966796875;i:6;d:-0.258179445797364792714034820164670236408710479736328125;i:7;d:0.01449130971694144974504236955681335530243813991546630859375;i:8;d:-0.2312609835902672827945281142092426307499408721923828125;i:9;d:-0.035311482663336037080004103927421965636312961578369140625;i:10;d:0.1415281183853043245335356914438307285308837890625;i:11;d:-0.04019486683760116474406487441228819079697132110595703125;}i:1;a:12:{i:0;d:0.2342670401731861418159752474821289069950580596923828125;i:1;d:0.308092211570395735353855570792802609503269195556640625;i:2;d:-0.1454503391272806422929164682500413618981838226318359375;i:3;d:-0.1722636160511359648683793466261704452335834503173828125;i:4;d:0.246254006133146408075162980821914970874786376953125;i:5;d:-0.2309202718951581800865824334323406219482421875;i:6;d:-0.2292146456133233589635977978105074726045131683349609375;i:7;d:-0.204406238745773516374271139284246601164340972900390625;i:8;d:-0.209553499345434157685730269804480485618114471435546875;i:9;d:0.0878692117359670954446215773714357055723667144775390625;i:10;d:-0.06813894280023595484419018930566380731761455535888671875;i:11;d:0.1646671784881455213866985332060721702873706817626953125;}i:2;a:12:{i:0;d:-0.08723295982681365801081341260214685462415218353271484375;i:1;d:-0.101407788429604239777148677603690885007381439208984375;i:2;d:0.0720496608727191623078311977224075235426425933837890625;i:3;d:-0.07276361605113591812799000990708009339869022369384765625;i:4;d:0.00175400613314633836703482216989868902601301670074462890625;i:5;d:0.0270797281048416431381564706271092290990054607391357421875;i:6;d:-0.3682146456133235101759737517568282783031463623046875;i:7;d:-0.209406238745773520815163237784872762858867645263671875;i:8;d:-0.34755349934543444678780588219524361193180084228515625;i:9;d:-0.1446307882640328890122560778763727284967899322509765625;i:10;d:-0.354138942800236000696401106324628926813602447509765625;i:11;d:0.25866717848814568814219683190458454191684722900390625;}i:3;a:12:{i:0;d:-0.09697411557479844457230200305275502614676952362060546875;i:1;d:-0.08606580128559959685929925399250350892543792724609375;i:2;d:0.1136055932363645160076970341833657585084438323974609375;i:3;d:0.1565292906723483590258894082580809481441974639892578125;i:4;d:0.145805110429650330861051088504609651863574981689453125;i:5;d:0.191880030210573038207400031751603819429874420166015625;i:6;d:-0.082920594931852942277572537932428531348705291748046875;i:7;d:0.035934026527308225718027046013958170078694820404052734375;i:8;d:-0.213327388961618569229727881975122727453708648681640625;i:9;d:-0.113763245748440766647036070935428142547607421875;i:10;d:-0.176595673022195975843118276316090486943721771240234375;i:11;d:0.1057036468346505275750502050868817605078220367431640625;}i:4;a:12:{i:0;d:-0.231267040173186166907015604010666720569133758544921875;i:1;d:-0.308592211570395680286793549385038204491138458251953125;i:2;d:0.242450339127280589668345101017621345818042755126953125;i:3;d:0.08876361605113596009442034073799732141196727752685546875;i:4;d:-0.200254006133146422730106905873981304466724395751953125;i:5;d:0.225420271895158175201601125081651844084262847900390625;i:6;d:0.3442146456133234888596916789538227021694183349609375;i:7;d:0.189906238745773503495684053632430732250213623046875;i:8;d:0.36555349934543446277501743679749779403209686279296875;i:9;d:0.068630788264032904777423027553595602512359619140625;i:10;d:0.1176389428002359849312341566474060527980327606201171875;i:11;d:0.0828328215118543098594017237701336853206157684326171875;}i:5;a:12:{i:0;d:0.1282329598268138470817945062663056887686252593994140625;i:1;d:0.1299077884296042650902336390572600066661834716796875;i:2;d:0.1114503391272808341394551234770915471017360687255859375;i:3;d:0.0677636160511358998093101035919971764087677001953125;i:4;d:-0.27075400613314659636898795724846422672271728515625;i:5;d:-0.043579728104841668201441251540018129162490367889404296875;i:6;d:0.289714645613323273920514111523516476154327392578125;i:7;d:-0.044593761254226337020778458963832235895097255706787109375;i:8;d:0.213553499345434161238443948604981414973735809326171875;i:9;d:0.0671307882640329312007310136323212645947933197021484375;i:10;d:0.1806389428002355967972647476926795206964015960693359375;i:11;d:0.004832821511854371553107423409301190986298024654388427734375;}i:6;a:12:{i:0;d:0.07823295982681367777278325092993327416479587554931640625;i:1;d:0.0214077884296042693368367082484837737865746021270751953125;i:2;d:0.056450339127280986517565253279826720245182514190673828125;i:3;d:0.116263616051135942885963459048070944845676422119140625;i:4;d:-0.0837540061331463470128966264383052475750446319580078125;i:5;d:-0.0860797281048415741100399145580013282597064971923828125;i:6;d:0.1367146456133235543628501318380585871636867523193359375;i:7;d:0.042906238745773643550318610095928306691348552703857421875;i:8;d:-0.05694650065456574594691119273193180561065673828125;i:9;d:0.191130788264032791534674515787628479301929473876953125;i:10;d:0.304638942800235901220418099910602904856204986572265625;i:11;d:-0.2346671784881455280480366809570114128291606903076171875;}i:7;a:12:{i:0;d:0.1952329598268138510785973949168692342936992645263671875;i:1;d:0.0164077884296043030598610812376136891543865203857421875;i:2;d:-0.119549660872719398785335442880750633776187896728515625;i:3;d:0.0922636160511359493252570018739788793027400970458984375;i:4;d:-0.297754006133146564838654057894018478691577911376953125;i:5;d:-0.0275797281048416713378212961060853558592498302459716796875;i:6;d:0.0947146456133235170593565044327988289296627044677734375;i:7;d:0.0864062387457736613693981553296907804906368255615234375;i:8;d:0.34505349934543450007851106420275755226612091064453125;i:9;d:-0.08436921173596712009157272404991090297698974609375;i:10;d:0.12513894280023596383699668876943178474903106689453125;i:11;d:0.0713328215118542996453498972186935134232044219970703125;}}i:1;a:12:{i:0;a:1:{i:0;d:0.055538104215728072154956151962323929183185100555419921875;}i:1;a:1:{i:0;d:0.2106052938921334771738003155405749566853046417236328125;}i:2;a:1:{i:0;d:-0.1628035312211662255510447039341670460999011993408203125;}i:3;a:1:{i:0;d:-0.371388181572770259553095684168511070311069488525390625;}i:4;a:1:{i:0;d:0.2599903821112266033566129408427514135837554931640625;}i:5;a:1:{i:0;d:-0.0952737311853294188690455257528810761868953704833984375;}i:6;a:1:{i:0;d:-0.6399880008938432229825821195845492184162139892578125;}i:7;a:1:{i:0;d:-0.3619385097487148872374973507248796522617340087890625;}i:8;a:1:{i:0;d:-0.51408957784448083838668708267505280673503875732421875;}i:9;a:1:{i:0;d:-0.2498609042925379331023805207223631441593170166015625;}i:10;a:1:{i:0;d:-0.27775408104722154600807471069856546819210052490234375;}i:11;a:1:{i:0;d:0.0273011674878257497300904077519589918665587902069091796875;}}}', 'a:2:{i:1;a:12:{i:0;d:-0.143370577873992377515577345548081211745738983154296875;i:1;d:-0.152829006427997626804682340662111528217792510986328125;i:2;d:0.2325279661818225596103815178139484487473964691162109375;i:3;d:0.13914645336174213952062928001396358013153076171875;i:4;d:0.026025552148252008299866844254211173392832279205322265625;i:5;d:0.21040015105286558050323719726293347775936126708984375;i:6;d:0.129397025340735272180836545885540544986724853515625;i:7;d:0.2436701326365408870611162228669854812324047088623046875;i:8;d:-0.0771369448080921060739711947462637908756732940673828125;i:9;d:0.1681837712577960441961977267055772244930267333984375;i:10;d:-0.1379783651109801889678152519991272129118442535400390625;i:11;d:0.09951823417325243725795047566862194798886775970458984375;}i:2;a:1:{i:0;d:-0.309267538517739859482702513560070656239986419677734375;}}', 'a:1:{i:0;N;}', 'a:0:{}', 'd:0.00993076452272567689050219996715895831584930419921875;'),
(8, '2013-05-24 09:31:20', 'a:2:{i:0;a:8:{i:0;a:12:{i:0;d:-0.2256734043551563428930961663354537449777126312255859375;i:1;d:-0.0180354991912699928746643962540474603883922100067138671875;i:2;d:0.13757307157170561850989543017931282520294189453125;i:3;d:0.180216468832515464004728755753603763878345489501953125;i:4;d:-0.0897243747684362824568182759321643970906734466552734375;i:5;d:0.0173430919932367373637038809874866274185478687286376953125;i:6;d:-0.0305141226477248783677254095891839824616909027099609375;i:7;d:-0.25799791128416849073090588717604987323284149169921875;i:8;d:-0.1943347236308269054827491117976023815572261810302734375;i:9;d:0.018449681543722333543211533424255321733653545379638671875;i:10;d:0.0575089642759227803736621353891678154468536376953125;i:11;d:0.06970918027036591968492729165518539957702159881591796875;}i:1;a:12:{i:0;d:0.09302415828027359168128640476425061933696269989013671875;i:1;d:-0.09740622961162155590830735718554933555424213409423828125;i:2;d:0.07929477256557328213038005060298019088804721832275390625;i:3;d:0.2124538261179353682006620829270104877650737762451171875;i:4;d:-0.1732647143413001689093988488821196369826793670654296875;i:5;d:0.2009527847947857603916332891458296217024326324462890625;i:6;d:0.2291945789970369073973444073999417014420032501220703125;i:7;d:0.034494981200211403959965394960818230174481868743896484375;i:8;d:0.108815438626057636728461375241749919950962066650390625;i:9;d:-0.12226447854705668749630831371177919209003448486328125;i:10;d:-0.31648221028325818071635922024142928421497344970703125;i:11;d:-0.1522626866868229955631619532141485251486301422119140625;}i:2;a:12:{i:0;d:-0.135280462031141468504102931547095067799091339111328125;i:1;d:-0.084899307820930969281647548996261321008205413818359375;i:2;d:0.1539672474927141487821558030191226862370967864990234375;i:3;d:0.07678290820911835845574699987992062233388423919677734375;i:4;d:-0.1977483650731890196805551340730744414031505584716796875;i:5;d:0.1307274683561348849192285115350387059152126312255859375;i:6;d:-0.040410508777448554684763593058960395865142345428466796875;i:7;d:0.0694450020888654762085678839866886846721172332763671875;i:8;d:-0.05525727095845077430080749536500661633908748626708984375;i:9;d:0.1099738309496729182779262146141263656318187713623046875;i:10;d:0.00838691225369532500355518322976422496140003204345703125;i:11;d:0.182695854076313557445843116511241532862186431884765625;}i:3;a:12:{i:0;d:0.12297584171972651689852540357605903409421443939208984375;i:1;d:-0.31209377038837804452242608022061176598072052001953125;i:2;d:-0.11279477256557325637320587929934845305979251861572265625;i:3;d:0.12554617388206457118116077253944240510463714599609375;i:4;d:-0.16923528565869982998037812649272382259368896484375;i:5;d:-0.1874527847947857484012246231941389851272106170654296875;i:6;d:-0.08869457899703687975279109423354384489357471466064453125;i:7;d:0.07650501879978850727770378625791636295616626739501953125;i:8;d:0.112684561373942393469604894562507979571819305419921875;i:9;d:0.310764478547057076962545352216693572700023651123046875;i:10;d:0.317982210283258126537475618533790111541748046875;i:11;d:0.0207626866868228961149345224157514167018234729766845703125;}i:4;a:12:{i:0;d:-0.22202415828027344257833419760572724044322967529296875;i:1;d:-0.266593770388378337177215371411875821650028228759765625;i:2;d:0.2157052274344267994710122593460255302488803863525390625;i:3;d:0.1595461738820646291348026579726138152182102203369140625;i:4;d:-0.2062352856586998350874040397684439085423946380615234375;i:5;d:-0.2304527847947857310817454390416969545185565948486328125;i:6;d:0.00580542100296314693419486019365649553947150707244873046875;i:7;d:0.02200501879978859764985799074565875343978404998779296875;i:8;d:0.374184561373942570217110414887429215013980865478515625;i:9;d:0.2417644785470567103669026209900039248168468475341796875;i:10;d:0.1549822102832580095199688230422907508909702301025390625;i:11;d:0.25426268668682305840178514699800871312618255615234375;}i:5;a:12:{i:0;d:-0.332524158280273984811259424532181583344936370849609375;i:1;d:-0.046093770388378439706311695545082329772412776947021484375;i:2;d:0.1772052274344268207872943321490311063826084136962890625;i:3;d:-0.127453826117935375972223255303106270730495452880859375;i:4;d:0.10926471434130026472164587403312907554209232330322265625;i:5;d:0.1140472152052141308065102975888294167816638946533203125;i:6;d:0.01330542100296319175944947943435181514360010623931884765625;i:7;d:0.07200501879978855879205212886517983861267566680908203125;i:8;d:0.1571845613739422942156664930735132656991481781005859375;i:9;d:-0.031735521452943234177457298983426881022751331329345703125;i:10;d:0.324982210283258243777027018950320780277252197265625;i:11;d:-0.07923731331317714066120316829255898483097553253173828125;}i:6;a:12:{i:0;d:0.0179758417197265034370712299960359814576804637908935546875;i:1;d:-0.27109377038837834117401826006243936717510223388671875;i:2;d:-0.1532947725655731951999172224532230757176876068115234375;i:3;d:-0.1779538261179353930696578345305169932544231414794921875;i:4;d:-0.141735285658699805555471584739279933273792266845703125;i:5;d:-0.1394527847947856502575092463303008116781711578369140625;i:6;d:0.1008054210029631636569291686100768856704235076904296875;i:7;d:0.2680050187997886634860833510174416005611419677734375;i:8;d:0.0721845613739423297428032810785225592553615570068359375;i:9;d:0.3237644785470570329977135770604945719242095947265625;i:10;d:0.2419822102832579202580376431797049008309841156005859375;i:11;d:-0.0117373133131770668313720307196490466594696044921875;}i:7;a:12:{i:0;d:0.1199758417197264448450511054033995606005191802978515625;i:1;d:-0.179093770388378537017359803940053097903728485107421875;i:2;d:-0.1297947725655731743277243595002801157534122467041015625;i:3;d:0.08404617388206457595511977842761552892625331878662109375;i:4;d:0.1892647143413001831202535640841233544051647186279296875;i:5;d:-0.08395278479478586464157530144802876748144626617431640625;i:6;d:-0.1836945789970369224963775423020706512033939361572265625;i:7;d:0.178005018799788639061176809263997711241245269775390625;i:8;d:-0.006315438626057663651369722401796025224030017852783203125;i:9;d:-0.09373552145294335169456445555624668486416339874267578125;i:10;d:0.33098221028325813808379507463541813194751739501953125;i:11;d:0.10476268668682291174132359401482972316443920135498046875;}}i:1;a:12:{i:0;a:1:{i:0;d:0.1762697165832059209567006519137066788971424102783203125;}i:1;a:1:{i:0;d:0.355548551923216826775586696385289542376995086669921875;}i:2;a:1:{i:0;d:0.11915716006270772597819274096764274872839450836181640625;}i:3;a:1:{i:0;d:-0.0019320989713647435635779370244335950701497495174407958984375;}i:4;a:1:{i:0;d:0.0818006971280376138366818850045092403888702392578125;}i:5;a:1:{i:0;d:0.2711428693836019920837543395464308559894561767578125;}i:6;a:1:{i:0;d:0.2391611075254338747431148703981307335197925567626953125;}i:7;a:1:{i:0;d:-0.2523673902073095831610771710984408855438232421875;}i:8;a:1:{i:0;d:-0.42347120782999991828177144270739518105983734130859375;}i:9;a:1:{i:0;d:-0.424708085945644076009131140381214208900928497314453125;}i:10;a:1:{i:0;d:-0.64979283851504643365615265793167054653167724609375;}i:11;a:1:{i:0;d:-0.37852914730377762442259381714393384754657745361328125;}}}', 'a:2:{i:1;a:12:{i:0;d:-0.296402310155707671146529946781811304390430450439453125;i:1;d:-0.1539965391046547449338532942419988103210926055908203125;i:2;d:-0.0496637625364295676178016947233118116855621337890625;i:3;d:-0.0020854589544085397161132799936922310735099017620086669921875;i:4;d:-0.017241825365944263293016547322622500360012054443359375;i:5;d:0.0136373417806745222957687246889690868556499481201171875;i:6;d:0.08944745611275724261890474053871002979576587677001953125;i:7;d:0.0207250104443270043164115890022003441117703914642333984375;i:8;d:0.131213645207745754905914736809791065752506256103515625;i:9;d:0.27836915474836521067203420898295007646083831787109375;i:10;d:0.008934561268476672035721009024200611747801303863525390625;i:11;d:0.09997927038156821655245920510424184612929821014404296875;}i:2;a:1:{i:0;d:-0.35436742572008739227129581195185892283916473388671875;}}', 'a:1:{i:0;N;}', 'a:0:{}', 'd:0.00994828815678483469042703291052021086215972900390625;');

-- --------------------------------------------------------

--
-- Table structure for table `penyakit`
--

CREATE TABLE IF NOT EXISTS `penyakit` (
  `kd_penyakit` varchar(5) NOT NULL,
  `nm_penyakit` varchar(50) NOT NULL
) ENGINE=MyISAM DEFAULT CHARSET=latin1;

--
-- Dumping data for table `penyakit`
--

INSERT INTO `penyakit` (`kd_penyakit`, `nm_penyakit`) VALUES
('P0002', 'bengkak akar'),
('P0003', 'kerupuk'),
('P0004', 'kuning kenting'),
('P0005', 'busuk basah bakteri'),
('P0006', 'bercak kering bakteri'),
('P0007', 'antraknos bakteri'),
('P0008', 'bercak fitoftore'),
('P0009', 'mosaik belang'),
('P0010', 'rebah kecambah'),
('P0011', 'nematoda bengkak akar'),
('P0012', 'bercak bakteri');

-- --------------------------------------------------------

--
-- Table structure for table `penyebab`
--

CREATE TABLE IF NOT EXISTS `penyebab` (
  `kd_penyebab` varchar(5) NOT NULL,
  `nm_penyebab` text NOT NULL
) ENGINE=MyISAM DEFAULT CHARSET=latin1;

--
-- Dumping data for table `penyebab`
--

INSERT INTO `penyebab` (`kd_penyebab`, `nm_penyebab`) VALUES
('PT001', 'fusarium oxysporum'),
('PT002', 'phytophthora capsici'),
('PT003', 'colletothricum spps'),
('PT005', 'potato virus'),
('PT006', 'rhizoctenia solani'),
('PT007', 'phythum spp'),
('P0011', 'tobacco mosaic viruss');

-- --------------------------------------------------------

--
-- Table structure for table `penyebab_penyakit`
--

CREATE TABLE IF NOT EXISTS `penyebab_penyakit` (
  `Kd_Penyakit` varchar(5) NOT NULL,
  `Kd_Penyebab` varchar(5) NOT NULL
) ENGINE=MyISAM DEFAULT CHARSET=latin1;

--
-- Dumping data for table `penyebab_penyakit`
--

INSERT INTO `penyebab_penyakit` (`Kd_Penyakit`, `Kd_Penyebab`) VALUES
('P0001', 'PT001'),
('P0002', 'PT002'),
('P0003', 'PT003'),
('P0004', 'PT004'),
('P0005', 'PT005'),
('P0006', 'PT006');

-- --------------------------------------------------------

--
-- Table structure for table `solusi`
--

CREATE TABLE IF NOT EXISTS `solusi` (
  `kd_solusi` varchar(5) NOT NULL,
  `nm_solusi` text NOT NULL
) ENGINE=MyISAM DEFAULT CHARSET=latin1;

--
-- Dumping data for table `solusi`
--

INSERT INTO `solusi` (`kd_solusi`, `nm_solusi`) VALUES
('S0003', 'diberi tambahan airs'),
('S0002', 'diberi tambahan air\r\n');

-- --------------------------------------------------------

--
-- Table structure for table `solusi_penyakit`
--

CREATE TABLE IF NOT EXISTS `solusi_penyakit` (
  `Kd_Penyakit` varchar(5) NOT NULL,
  `Kd_Solusi` varchar(5) NOT NULL
) ENGINE=MyISAM DEFAULT CHARSET=latin1;

--
-- Dumping data for table `solusi_penyakit`
--

INSERT INTO `solusi_penyakit` (`Kd_Penyakit`, `Kd_Solusi`) VALUES
('P0001', 'S0001'),
('P0002', 'S0002'),
('P0002', 'S0002');
